name,playtimes,retention_rate1,retention_rate2,retention_rate3,retention_rate4
开局签到荒古圣体【无敌寂寞】爆爽流（幻樱空剧社）,83292546,0.5137835358899495,0.3664639729845948,0.27775430852475214,0.23502146215662512
