name,playtimes,retention_rate1,retention_rate2,retention_rate3,retention_rate4
摸金天师【第一季】（紫襟演播）,8535791117,0.5987426734829046,0.4780457803496764,0.41436249390669333,0.36522632362146157
大奉打更人丨头陀渊领衔多人有声剧|畅听全集|王鹤棣、田曦薇主演影视剧原著|卖报小郎君,5633734272,0.5855688943077535,0.5319573810489884,0.5065608738051397,0.49440524019895105
一剑独尊（叶玄叶灵 | 有声的紫襟 | 男女双播）|北剑江湖,4477982976,0.5834686956955853,0.5064184787257767,0.475568027693133,0.45499579571672766
猎罪者（阴间神探 | 日月收魂人奇门绝学四方探案 | 我在阳间破案）有声的紫襟,4307654365,0.6718524835187415,0.5571183045536857,0.47188542713572557,0.3955722948585667
超品相师（丸子演播）,3885571871,0.6790100056138906,0.5710888957796328,0.5258620598609565,0.4861741846549191
